date,name,tier,lp,score
2021-02-01,03년생일반고학생#공부하는중,Silver IV,0,8
2021-02-10,03년생일반고학생#공부하는중,Silver III,0,9
2021-02-22,03년생일반고학생#공부하는중,Silver II,0,10
2021-02-23,03년생일반고학생#공부하는중,Silver I,0,11
2021-02-24,03년생일반고학생#공부하는중,Silver II,0,10
2021-03-01,03년생일반고학생#공부하는중,Silver I,0,11
2021-03-04,03년생일반고학생#공부하는중,Silver II,0,10
2021-03-08,03년생일반고학생#공부하는중,Silver III,0,9
2021-03-17,03년생일반고학생#공부하는중,Silver IV,0,8
2021-03-19,03년생일반고학생#공부하는중,Silver III,0,9
2021-03-27,03년생일반고학생#공부하는중,Silver II,0,10
2021-04-03,03년생일반고학생#공부하는중,Silver III,0,9
2021-04-05,03년생일반고학생#공부하는중,Silver IV,0,8
2021-04-13,03년생일반고학생#공부하는중,Silver III,0,9
2021-05-02,03년생일반고학생#공부하는중,Silver II,2,10.02
2021-05-03,03년생일반고학생#공부하는중,Silver III,75,9.75
2021-05-04,03년생일반고학생#공부하는중,Silver II,4,10.04
2021-05-10,03년생일반고학생#공부하는중,Silver III,75,9.75
2021-05-16,03년생일반고학생#공부하는중,Silver II,4,10.04
2021-05-17,03년생일반고학생#공부하는중,Silver II,1,10.01
2021-05-18,03년생일반고학생#공부하는중,Silver II,5,10.05
2021-05-19,03년생일반고학생#공부하는중,Silver II,3,10.03
2021-05-25,03년생일반고학생#공부하는중,Silver III,75,9.75
2021-05-26,03년생일반고학생#공부하는중,Silver II,9,10.09
2021-05-28,03년생일반고학생#공부하는중,Silver III,75,9.75
2021-06-04,03년생일반고학생#공부하는중,Silver III,7,9.07
2021-06-05,03년생일반고학생#공부하는중,Silver IV,75,8.75
2021-06-14,03년생일반고학생#공부하는중,Silver III,5,9.05
2021-06-15,03년생일반고학생#공부하는중,Silver IV,75,8.75
2021-06-18,03년생일반고학생#공부하는중,Silver III,13,9.13
2021-06-19,03년생일반고학생#공부하는중,Silver III,3,9.03
2021-06-24,03년생일반고학생#공부하는중,Silver III,75,9.75
2021-06-29,03년생일반고학생#공부하는중,Silver III,5,9.05
2021-07-01,03년생일반고학생#공부하는중,Silver II,7,10.07
2021-07-03,03년생일반고학생#공부하는중,Silver III,75,9.75
2021-07-04,03년생일반고학생#공부하는중,Silver II,4,10.04
2021-07-13,03년생일반고학생#공부하는중,Silver II,75,10.75
2021-07-15,03년생일반고학생#공부하는중,Silver I,5,11.05
2021-07-21,03년생일반고학생#공부하는중,Silver II,75,10.75
2021-07-23,03년생일반고학생#공부하는중,Silver II,7,10.07
2021-07-26,03년생일반고학생#공부하는중,Silver III,75,9.75
2021-08-02,03년생일반고학생#공부하는중,Silver IV,75,8.75
2021-08-15,03년생일반고학생#공부하는중,Silver III,15,9.15
2021-08-20,03년생일반고학생#공부하는중,Silver IV,75,8.75
2021-08-23,03년생일반고학생#공부하는중,Silver III,14,9.14
2021-08-31,03년생일반고학생#공부하는중,Silver II,6,10.06
2021-09-01,03년생일반고학생#공부하는중,Silver II,2,10.02
2021-09-02,03년생일반고학생#공부하는중,Silver III,75,9.75
2021-09-03,03년생일반고학생#공부하는중,Silver II,9,10.09
2021-09-04,03년생일반고학생#공부하는중,Silver III,75,9.75
2021-09-08,03년생일반고학생#공부하는중,Silver II,4,10.04
2021-09-13,03년생일반고학생#공부하는중,Silver I,4,11.04
2021-09-29,03년생일반고학생#공부하는중,Gold IV,1,12.01
2021-10-18,03년생일반고학생#공부하는중,Silver I,75,11.75
2021-10-29,03년생일반고학생#공부하는중,Silver I,3,11.03
2021-11-02,03년생일반고학생#공부하는중,Silver II,75,10.75
2021-11-07,03년생일반고학생#공부하는중,Silver I,9,11.09
2021-11-19,03년생일반고학생#공부하는중,Gold IV,24,12.24
2021-12-09,03년생일반고학생#공부하는중,Gold III,23,13.23
2021-12-15,03년생일반고학생#공부하는중,Gold IV,40,12.4
2021-12-23,03년생일반고학생#공부하는중,Gold III,4,13.04
2021-12-25,03년생일반고학생#공부하는중,Gold II,1,14.01
2021-12-28,03년생일반고학생#공부하는중,Gold III,75,13.75
2021-12-29,03년생일반고학생#공부하는중,Gold II,1,14.01
2021-12-30,03년생일반고학생#공부하는중,Gold III,75,13.75
2022-01-01,03년생일반고학생#공부하는중,Gold IV,75,12.75
2022-01-10,03년생일반고학생#공부하는중,Silver III,59,9.59
2022-01-12,03년생일반고학생#공부하는중,Silver II,6,10.06
2022-01-13,03년생일반고학생#공부하는중,Silver III,75,9.75
2022-01-15,03년생일반고학생#공부하는중,Silver II,10,10.1
2022-01-18,03년생일반고학생#공부하는중,Silver I,7,11.07
2022-01-23,03년생일반고학생#공부하는중,Gold IV,1,12.01
2022-02-02,03년생일반고학생#공부하는중,Gold III,10,13.1
2022-02-06,03년생일반고학생#공부하는중,Gold IV,75,12.75
2022-02-07,03년생일반고학생#공부하는중,Gold III,5,13.05
2022-02-11,03년생일반고학생#공부하는중,Gold III,4,13.04
2022-03-05,03년생일반고학생#공부하는중,Gold II,5,14.05
2022-03-07,03년생일반고학생#공부하는중,Gold III,75,13.75
2022-03-10,03년생일반고학생#공부하는중,Gold IV,76,12.76
2022-03-12,03년생일반고학생#공부하는중,Gold III,14,13.14
2022-03-18,03년생일반고학생#공부하는중,Gold II,5,14.05
2022-03-31,03년생일반고학생#공부하는중,Gold III,75,13.75
2022-04-08,03년생일반고학생#공부하는중,Gold IV,75,12.75
2022-05-23,03년생일반고학생#공부하는중,Gold III,12,13.12
2022-05-27,03년생일반고학생#공부하는중,Gold II,9,14.09
2022-06-15,03년생일반고학생#공부하는중,Gold I,9,15.09
2022-06-17,03년생일반고학생#공부하는중,Gold II,75,14.75
2022-06-22,03년생일반고학생#공부하는중,Gold I,1,15.01
2022-06-24,03년생일반고학생#공부하는중,Gold II,75,14.75
2022-06-25,03년생일반고학생#공부하는중,Gold I,4,15.04
2022-06-27,03년생일반고학생#공부하는중,Gold II,75,14.75
2022-07-04,03년생일반고학생#공부하는중,Gold I,12,15.12
2022-07-09,03년생일반고학생#공부하는중,Gold II,75,14.75
2022-08-12,03년생일반고학생#공부하는중,Gold I,5,15.05
2022-08-15,03년생일반고학생#공부하는중,Gold II,75,14.75
2022-08-17,03년생일반고학생#공부하는중,Gold I,7,15.07
2022-08-19,03년생일반고학생#공부하는중,Gold I,6,15.06
2022-08-27,03년생일반고학생#공부하는중,Gold II,75,14.75
2022-09-04,03년생일반고학생#공부하는중,Gold III,75,13.75
2022-09-08,03년생일반고학생#공부하는중,Gold II,11,14.11
2022-09-17,03년생일반고학생#공부하는중,Gold III,75,13.75
2022-09-19,03년생일반고학생#공부하는중,Gold II,12,14.12
2022-10-16,03년생일반고학생#공부하는중,Gold III,75,13.75
2022-11-18,03년생일반고학생#공부하는중,Gold II,3,14.03
2023-01-13,03년생일반고학생#공부하는중,Silver I,32,11.32
2023-02-02,03년생일반고학생#공부하는중,Gold IV,1,12.01
2023-02-16,03년생일반고학생#공부하는중,Gold III,17,13.17
2023-02-21,03년생일반고학생#공부하는중,Gold II,9,14.09
2023-02-22,03년생일반고학생#공부하는중,Gold III,75,13.75
2023-02-23,03년생일반고학생#공부하는중,Gold II,1,14.01
2023-02-24,03년생일반고학생#공부하는중,Gold III,75,13.75
2023-02-26,03년생일반고학생#공부하는중,Gold II,1,14.01
2023-03-23,03년생일반고학생#공부하는중,Gold III,75,13.75
2023-04-01,03년생일반고학생#공부하는중,Gold II,6,14.06
2023-04-09,03년생일반고학생#공부하는중,Gold III,75,13.75
2023-04-11,03년생일반고학생#공부하는중,Gold II,1,14.01
2023-04-13,03년생일반고학생#공부하는중,Gold III,75,13.75
2023-04-15,03년생일반고학생#공부하는중,Gold II,5,14.05
2023-05-19,03년생일반고학생#공부하는중,Gold III,75,13.75
2023-07-26,03년생일반고학생#공부하는중,Gold III,39,13.39
2023-07-30,03년생일반고학생#공부하는중,Gold II,30,14.3
2023-08-07,03년생일반고학생#공부하는중,Gold I,26,15.26
2023-08-13,03년생일반고학생#공부하는중,Platinum IV,1,16.01
2023-08-18,03년생일반고학생#공부하는중,Platinum III,8,17.08
2023-08-21,03년생일반고학생#공부하는중,Platinum II,19,18.19
2023-08-22,03년생일반고학생#공부하는중,Platinum III,75,17.75
2023-08-23,03년생일반고학생#공부하는중,Platinum II,12,18.12
2023-08-24,03년생일반고학생#공부하는중,Platinum II,4,18.04
2023-08-29,03년생일반고학생#공부하는중,Platinum III,75,17.75
2023-08-30,03년생일반고학생#공부하는중,Platinum II,7,18.07
2023-08-31,03년생일반고학생#공부하는중,Platinum II,1,18.01
2023-09-02,03년생일반고학생#공부하는중,Platinum I,17,19.17
2023-09-05,03년생일반고학생#공부하는중,Emerald IV,1,20.01
2023-09-11,03년생일반고학생#공부하는중,Emerald III,6,21.06
2023-09-13,03년생일반고학생#공부하는중,Emerald IV,75,20.75
2023-09-30,03년생일반고학생#공부하는중,Platinum I,75,19.75
2023-10-02,03년생일반고학생#공부하는중,Platinum II,75,18.75
2023-11-08,03년생일반고학생#공부하는중,Platinum I,2,19.02
2023-11-17,03년생일반고학생#공부하는중,Platinum II,75,18.75
2023-11-19,03년생일반고학생#공부하는중,Platinum I,1,19.01
2023-11-22,03년생일반고학생#공부하는중,Platinum II,75,18.75
2023-11-24,03년생일반고학생#공부하는중,Platinum III,75,17.75
2023-11-27,03년생일반고학생#공부하는중,Platinum II,1,18.01
2023-12-01,03년생일반고학생#공부하는중,Platinum III,75,17.75
2023-12-04,03년생일반고학생#공부하는중,Platinum II,22,18.22
2023-12-05,03년생일반고학생#공부하는중,Platinum I,27,19.27
2023-12-07,03년생일반고학생#공부하는중,Emerald IV,1,20.01
2023-12-22,03년생일반고학생#공부하는중,Emerald II,7,22.07
2023-12-25,03년생일반고학생#공부하는중,Emerald III,75,21.75
2024-01-13,03년생일반고학생#공부하는중,Platinum III,76,17.76
2024-01-29,03년생일반고학생#공부하는중,Platinum II,1,18.01
2024-02-02,03년생일반고학생#공부하는중,Platinum I,9,19.09
2024-02-08,03년생일반고학생#공부하는중,Emerald IV,1,20.01
2024-07-30,03년생일반고학생#공부하는중,Platinum II,93,18.93
2024-08-25,03년생일반고학생#공부하는중,Platinum I,28,19.28
2024-09-15,03년생일반고학생#공부하는중,Emerald IV,13,20.13
2024-11-18,03년생일반고학생#공부하는중,Platinum IV,97,16.97
2024-11-22,03년생일반고학생#공부하는중,Platinum III,31,17.31
2024-11-25,03년생일반고학생#공부하는중,Platinum IV,97,16.97
2024-11-27,03년생일반고학생#공부하는중,Platinum III,28,17.28
2024-11-28,03년생일반고학생#공부하는중,Platinum III,26,17.26
2024-11-29,03년생일반고학생#공부하는중,Platinum III,15,17.15
2024-11-30,03년생일반고학생#공부하는중,Platinum IV,92,16.92
2024-12-11,03년생일반고학생#공부하는중,Platinum III,86,17.86
2024-12-12,03년생일반고학생#공부하는중,Platinum II,10,18.1
2024-12-13,03년생일반고학생#공부하는중,Platinum II,14,18.14
2024-12-17,03년생일반고학생#공부하는중,Platinum II,17,18.17
2024-12-19,03년생일반고학생#공부하는중,Platinum III,91,17.91
2024-12-22,03년생일반고학생#공부하는중,Platinum IV,88,16.88
2025-01-14,03년생일반고학생#공부하는중,Silver I,40,11.4
2025-02-01,03년생일반고학생#공부하는중,Gold IV,3,12.03
2025-02-11,03년생일반고학생#공부하는중,Gold III,29,13.29
2025-02-12,03년생일반고학생#공부하는중,Gold IV,91,12.91
2025-02-14,03년생일반고학생#공부하는중,Gold III,6,13.06
2025-02-19,03년생일반고학생#공부하는중,Gold III,87,13.87
2025-02-21,03년생일반고학생#공부하는중,Gold II,25,14.25
2025-03-01,03년생일반고학생#공부하는중,Gold III,94,13.94
2025-03-09,03년생일반고학생#공부하는중,Gold IV,80,12.8
2025-03-18,03년생일반고학생#공부하는중,Gold IV,21,12.21
2025-03-29,03년생일반고학생#공부하는중,Silver I,75,11.75
2025-03-30,03년생일반고학생#공부하는중,Gold IV,9,12.09
2025-04-01,03년생일반고학생#공부하는중,Gold III,76,13.76
2025-04-02,03년생일반고학생#공부하는중,Gold II,17,14.17
2025-04-03,03년생일반고학생#공부하는중,Gold II,10,14.1
2025-04-04,03년생일반고학생#공부하는중,Gold I,8,15.08
2025-04-06,03년생일반고학생#공부하는중,Platinum IV,9,16.09
2025-04-09,03년생일반고학생#공부하는중,Platinum III,11,17.11
2025-04-10,03년생일반고학생#공부하는중,Platinum III,6,17.06
2025-04-13,03년생일반고학생#공부하는중,Platinum IV,81,16.81
2025-04-18,03년생일반고학생#공부하는중,Platinum II,4,18.04
2025-04-19,03년생일반고학생#공부하는중,Platinum III,78,17.78
2025-04-22,03년생일반고학생#공부하는중,Platinum II,1,18.01
2025-04-29,03년생일반고학생#공부하는중,Platinum III,82,17.82
2025-05-08,03년생일반고학생#공부하는중,Platinum III,2,17.02
2025-08-18,03년생일반고학생#공부하는중,Platinum II,0,18
2025-08-20,03년생일반고학생#공부하는중,Platinum II,46,18.46
2025-08-21,03년생일반고학생#공부하는중,Platinum II,69,18.69
2025-08-24,03년생일반고학생#공부하는중,Platinum III,94,17.94
2025-08-31,03년생일반고학생#공부하는중,Platinum IV,83,16.83
2025-09-22,03년생일반고학생#공부하는중,Platinum II,60,18.6
2025-09-23,03년생일반고학생#공부하는중,Platinum II,84,18.84
2025-10-03,03년생일반고학생#공부하는중,Platinum I,9,19.09
2025-10-11,03년생일반고학생#공부하는중,Platinum II,81,18.81
2025-10-13,03년생일반고학생#공부하는중,Platinum I,4,19.04
2025-10-16,03년생일반고학생#공부하는중,Platinum I,1,19.01
2025-10-26,03년생일반고학생#공부하는중,Platinum II,94,18.94
2025-11-16,03년생일반고학생#공부하는중,Platinum III,81,17.81
2025-11-22,03년생일반고학생#공부하는중,Platinum II,48,18.48
2025-11-29,03년생일반고학생#공부하는중,Platinum I,11,19.11
2025-11-30,03년생일반고학생#공부하는중,Emerald IV,24,20.24
2025-12-01,03년생일반고학생#공부하는중,Emerald III,4,21.04
2025-12-02,03년생일반고학생#공부하는중,Emerald IV,84,20.84
2025-12-04,03년생일반고학생#공부하는중,Emerald IV,83,20.83
2025-12-15,03년생일반고학생#공부하는중,Platinum I,70,19.7
2025-12-17,03년생일반고학생#공부하는중,Emerald IV,17,20.17
2025-12-21,03년생일반고학생#공부하는중,Emerald IV,40,20.4
2025-12-22,03년생일반고학생#공부하는중,Emerald IV,18,20.18
2021-07-21,LOV3#КR1,Silver II,57,10.57
2022-03-26,LOV3#КR1,Silver IV,1,8.01
2022-04-01,LOV3#КR1,Silver II,1,10.01
2022-04-02,LOV3#КR1,Silver I,14,11.14
2022-04-04,LOV3#КR1,Gold IV,1,12.01
2022-04-17,LOV3#КR1,Gold III,7,13.07
2022-04-22,LOV3#КR1,Gold IV,75,12.75
2022-04-23,LOV3#КR1,Gold III,13,13.13
2022-05-06,LOV3#КR1,Gold II,4,14.04
2022-05-12,LOV3#КR1,Gold I,1,15.01
2022-05-22,LOV3#КR1,Platinum IV,1,16.01
2022-07-06,LOV3#КR1,Platinum IV,75,16.75
2022-07-09,LOV3#КR1,Platinum III,5,17.05
2022-08-20,LOV3#КR1,Platinum II,1,18.01
2022-08-27,LOV3#КR1,Platinum III,75,17.75
2022-08-28,LOV3#КR1,Platinum II,9,18.09
2022-09-03,LOV3#КR1,Platinum III,75,17.75
2022-09-04,LOV3#КR1,Platinum IV,75,16.75
2022-09-07,LOV3#КR1,Platinum III,11,17.11
2022-09-16,LOV3#КR1,Platinum IV,75,16.75
2022-09-17,LOV3#КR1,Platinum III,6,17.06
2023-01-14,LOV3#КR1,Gold I,3,15.03
2023-01-19,LOV3#КR1,Platinum IV,1,16.01
2023-07-15,LOV3#КR1,Platinum III,2,17.02
2023-07-24,LOV3#КR1,Platinum II,9,18.09
2023-07-25,LOV3#КR1,Platinum III,75,17.75
2023-08-02,LOV3#КR1,Platinum IV,75,16.75
2023-08-08,LOV3#КR1,Platinum III,37,17.37
2023-08-10,LOV3#КR1,Platinum II,2,18.02
2023-08-11,LOV3#КR1,Platinum I,19,19.19
2023-08-13,LOV3#КR1,Emerald IV,1,20.01
2023-09-08,LOV3#КR1,Emerald III,21,21.21
2023-09-17,LOV3#КR1,Emerald III,4,21.04
2023-09-23,LOV3#КR1,Emerald III,75,21.75
2023-10-20,LOV3#КR1,Emerald IV,75,20.75
2023-12-16,LOV3#КR1,Emerald III,26,21.26
2023-12-24,LOV3#КR1,Emerald III,24,21.24
2023-12-31,LOV3#КR1,Emerald III,1,21.01
2024-11-16,LOV3#КR1,Gold I,31,15.31
2024-11-17,LOV3#КR1,Gold I,6,15.06
2024-11-18,LOV3#КR1,Gold II,79,14.79
2024-11-19,LOV3#КR1,Gold I,9,15.09
2024-11-21,LOV3#КR1,Platinum IV,23,16.23
2024-11-26,LOV3#КR1,Platinum III,12,17.12
2024-11-27,LOV3#КR1,Platinum III,10,17.1
2024-12-02,LOV3#КR1,Platinum II,1,18.01
2025-07-01,LOV3#КR1,Gold I,6,15.06
2025-07-02,LOV3#КR1,Platinum IV,8,16.08
2025-07-03,LOV3#КR1,Platinum III,95,17.95
2025-07-05,LOV3#КR1,Platinum II,99,18.99
2025-07-06,LOV3#КR1,Platinum I,32,19.32
2025-07-08,LOV3#КR1,Platinum I,7,19.07
2025-07-09,LOV3#КR1,Platinum I,16,19.16
2025-07-11,LOV3#КR1,Emerald IV,14,20.14
2025-07-26,LOV3#КR1,Emerald III,20,21.2
2025-11-19,LOV3#КR1,Emerald IV,78,20.78
2025-11-20,LOV3#КR1,Emerald III,6,21.06
2025-11-21,LOV3#КR1,Emerald IV,39,20.39
2025-11-30,LOV3#КR1,Emerald IV,71,20.71
2025-12-22,LOV3#КR1,Emerald IV,8,20.08
2019-06-07,Paean#P4U,Bronze IV,0,4
2019-11-23,Paean#P4U,Bronze II,0,6
2022-11-17,Paean#P4U,Bronze IV,35,4.35
2022-11-18,Paean#P4U,Bronze II,1,6.01
2022-11-19,Paean#P4U,Bronze I,1,7.01
2023-01-09,Paean#P4U,Silver IV,1,8.01
2023-01-28,Paean#P4U,Bronze I,18,7.18
2023-01-30,Paean#P4U,Silver IV,1,8.01
2023-02-12,Paean#P4U,Silver I,1,11.01
2023-04-28,Paean#P4U,Gold IV,1,12.01
2023-07-07,Paean#P4U,Gold II,1,14.01
2023-07-08,Paean#P4U,Gold II,8,14.08
2023-07-09,Paean#P4U,Gold III,75,13.75
2023-07-15,Paean#P4U,Gold II,6,14.06
2023-07-26,Paean#P4U,Gold II,41,14.41
2023-07-27,Paean#P4U,Platinum IV,1,16.01
2023-08-08,Paean#P4U,Platinum III,1,17.01
2023-08-14,Paean#P4U,Platinum II,28,18.28
2023-08-22,Paean#P4U,Platinum I,4,19.04
2023-08-27,Paean#P4U,Emerald IV,1,20.01
2023-09-12,Paean#P4U,Emerald III,11,21.11
2023-09-16,Paean#P4U,Emerald II,24,22.24
2023-09-17,Paean#P4U,Emerald III,75,21.75
2023-09-23,Paean#P4U,Emerald II,23,22.23
2023-09-29,Paean#P4U,Emerald II,75,22.75
2023-09-30,Paean#P4U,Emerald I,17,23.17
2023-10-07,Paean#P4U,Emerald I,21,23.21
2023-10-08,Paean#P4U,Emerald II,75,22.75
2023-10-29,Paean#P4U,Emerald I,13,23.13
2023-11-10,Paean#P4U,Emerald II,75,22.75
2023-11-11,Paean#P4U,Emerald II,25,22.25
2023-11-12,Paean#P4U,Emerald II,1,22.01
2023-11-17,Paean#P4U,Emerald III,75,21.75
2023-11-18,Paean#P4U,Emerald III,24,21.24
2023-11-21,Paean#P4U,Emerald IV,75,20.75
2022-05-28,Shayd#V0ID,Bronze III,27,5.27
2023-01-28,Shayd#V0ID,Bronze II,1,6.01
2023-02-12,Shayd#V0ID,Bronze I,21,7.21
2023-04-28,Shayd#V0ID,Silver IV,1,8.01
2023-07-07,Shayd#V0ID,Silver II,1,10.01
2023-07-27,Shayd#V0ID,Silver I,6,11.06
2023-07-29,Shayd#V0ID,Gold IV,1,12.01
2023-08-08,Shayd#V0ID,Gold III,15,13.15
2023-08-10,Shayd#V0ID,Gold I,8,15.08
2023-08-11,Shayd#V0ID,Gold II,75,14.75
2023-08-14,Shayd#V0ID,Platinum IV,1,16.01
2023-08-27,Shayd#V0ID,Platinum III,7,17.07
2023-09-20,Shayd#V0ID,Platinum II,3,18.03
2023-10-21,Shayd#V0ID,Platinum III,75,17.75
2023-12-17,Shayd#V0ID,Platinum II,4,18.04
2023-12-23,Shayd#V0ID,Platinum III,75,17.75
2023-12-28,Shayd#V0ID,Platinum II,4,18.04
2023-12-29,Shayd#V0ID,Platinum III,75,17.75
2023-12-30,Shayd#V0ID,Platinum II,8,18.08
2024-01-03,Shayd#V0ID,Platinum I,11,19.11
2024-01-04,Shayd#V0ID,Emerald IV,1,20.01
2024-01-18,Shayd#V0ID,Platinum II,33,18.33
2024-06-22,Shayd#V0ID,Platinum III,0,17
2024-07-26,Shayd#V0ID,Platinum IV,99,16.99
2024-09-22,Shayd#V0ID,Platinum III,22,17.22
2024-10-12,Shayd#V0ID,Gold III,4,13.04
2024-10-15,Shayd#V0ID,Gold III,7,13.07
2024-11-17,Shayd#V0ID,Gold IV,83,12.83
2024-11-19,Shayd#V0ID,Gold III,20,13.2
2024-11-21,Shayd#V0ID,Gold II,11,14.11
2024-11-22,Shayd#V0ID,Gold II,84,14.84
2024-11-26,Shayd#V0ID,Gold I,4,15.04
2024-12-02,Shayd#V0ID,Platinum IV,21,16.21
2024-12-08,Shayd#V0ID,Platinum III,7,17.07
2025-03-01,Shayd#V0ID,Gold IV,0,12
2025-06-18,Shayd#V0ID,Gold II,11,14.11
2025-06-30,Shayd#V0ID,Gold I,15,15.15
2025-07-01,Shayd#V0ID,Gold II,96,14.96
2025-07-02,Shayd#V0ID,Platinum IV,1,16.01
2025-07-05,Shayd#V0ID,Platinum III,39,17.39
2025-07-09,Shayd#V0ID,Platinum III,78,17.78
2025-07-10,Shayd#V0ID,Platinum III,88,17.88
2025-07-11,Shayd#V0ID,Platinum II,17,18.17
2025-07-16,Shayd#V0ID,Platinum I,24,19.24
2025-07-23,Shayd#V0ID,Platinum I,20,19.2
2025-08-26,Shayd#V0ID,Emerald IV,6,20.06
2025-10-07,Shayd#V0ID,Platinum I,75,19.75
2025-11-19,Shayd#V0ID,Platinum I,22,19.22
2025-11-21,Shayd#V0ID,Platinum II,86,18.86
2025-12-17,Shayd#V0ID,Platinum III,89,17.89
2025-12-21,Shayd#V0ID,Platinum III,12,17.12
2019-05-04,Synow#KR1,Bronze III,0,5
2019-05-06,Synow#KR1,Bronze I,0,7
2019-08-15,Synow#KR1,Silver IV,0,8
2019-08-24,Synow#KR1,Silver III,0,9
2019-09-01,Synow#KR1,Silver II,0,10
2019-09-19,Synow#KR1,Silver III,0,9
2019-10-02,Synow#KR1,Silver II,0,10
2020-06-27,Synow#KR1,Bronze II,0,6
2020-08-11,Synow#KR1,Silver IV,0,8
2020-08-19,Synow#KR1,Silver III,0,9
2020-08-31,Synow#KR1,Silver II,0,10
2020-10-14,Synow#KR1,Silver I,0,11
2020-11-07,Synow#KR1,Gold IV,0,12
2020-12-04,Synow#KR1,Gold III,0,13
2021-08-03,Synow#KR1,Silver II,97,10.97
2021-08-09,Synow#KR1,Silver I,8,11.08
2022-10-21,Synow#KR1,Silver III,37,9.37
2022-12-30,Synow#KR1,Silver I,1,11.01
2023-08-26,Synow#KR1,Silver IV,1,8.01
2023-09-03,Synow#KR1,Silver III,15,9.15
2023-09-13,Synow#KR1,Silver IV,75,8.75
2024-11-21,Synow#KR1,Bronze I,9,7.09
2024-12-07,Synow#KR1,Silver IV,21,8.21
2024-12-10,Synow#KR1,Silver III,26,9.26
2024-12-18,Synow#KR1,Silver II,28,10.28
2024-12-19,Synow#KR1,Silver III,88,9.88
2024-12-23,Synow#KR1,Silver II,17,10.17
2025-02-07,Synow#KR1,Bronze I,40,7.4
2025-02-11,Synow#KR1,Silver IV,16,8.16
2025-02-13,Synow#KR1,Silver III,18,9.18
2025-07-10,Synow#KR1,Silver II,20,10.2
2025-07-11,Synow#KR1,Gold IV,16,12.16
2025-07-12,Synow#KR1,Gold III,6,13.06
2025-07-15,Synow#KR1,Gold II,1,14.01
2025-07-16,Synow#KR1,Gold I,1,15.01
2025-07-17,Synow#KR1,Gold I,15,15.15
2025-11-28,Synow#KR1,Gold I,46,15.46
2025-12-22,Synow#KR1,Gold I,28,15.28
2019-11-25,dnc#KR1,Silver IV,0,8
2019-11-26,dnc#KR1,Silver I,0,11
2019-12-01,dnc#KR1,Gold IV,0,12
2020-05-05,dnc#KR1,Silver IV,0,8
2020-06-28,dnc#KR1,Silver III,0,9
2020-06-30,dnc#KR1,Silver II,0,10
2020-07-10,dnc#KR1,Silver I,0,11
2020-07-25,dnc#KR1,Silver II,0,10
2020-08-12,dnc#KR1,Gold III,0,13
2020-08-15,dnc#KR1,Gold IV,0,12
2020-11-07,dnc#KR1,Gold III,0,13
2020-11-15,dnc#KR1,Gold IV,0,12
2021-03-06,dnc#KR1,Silver II,0,10
2021-04-05,dnc#KR1,Silver I,0,11
2021-07-18,dnc#KR1,Gold IV,1,12.01
2021-08-28,dnc#KR1,Gold III,11,13.11
2019-11-23,가을와이번스#KR1,Bronze II,0,6
2019-12-11,가을와이번스#KR1,Bronze III,0,5
2019-12-13,가을와이번스#KR1,Bronze II,0,6
2019-12-16,가을와이번스#KR1,Bronze III,0,5
2019-12-25,가을와이번스#KR1,Bronze II,0,6
2020-01-06,가을와이번스#KR1,Bronze III,0,5
2020-01-13,가을와이번스#KR1,Iron III,0,1
2020-01-17,가을와이번스#KR1,Iron II,0,2
2020-01-18,가을와이번스#KR1,Iron III,0,1
2020-01-19,가을와이번스#KR1,Iron II,0,2
2020-01-20,가을와이번스#KR1,Iron III,0,1
2020-02-11,가을와이번스#KR1,Iron II,0,2
2020-02-16,가을와이번스#KR1,Iron I,0,3
2020-02-25,가을와이번스#KR1,Bronze IV,0,4
2020-04-03,가을와이번스#KR1,Bronze III,0,5
2020-04-07,가을와이번스#KR1,Bronze IV,0,4
2020-04-10,가을와이번스#KR1,Bronze III,0,5
2020-04-12,가을와이번스#KR1,Bronze IV,0,4
2020-05-27,가을와이번스#KR1,Bronze III,0,5
2020-06-19,가을와이번스#KR1,Bronze IV,0,4
2020-06-28,가을와이번스#KR1,Bronze III,0,5
2020-07-05,가을와이번스#KR1,Bronze II,0,6
2020-07-12,가을와이번스#KR1,Bronze III,0,5
2020-07-15,가을와이번스#KR1,Bronze II,0,6
2020-07-18,가을와이번스#KR1,Bronze III,0,5
2020-07-24,가을와이번스#KR1,Bronze IV,0,4
2020-09-18,가을와이번스#KR1,Bronze II,0,6
2020-09-21,가을와이번스#KR1,Bronze I,0,7
2020-09-22,가을와이번스#KR1,Bronze II,0,6
2020-10-01,가을와이번스#KR1,Bronze I,0,7
2020-10-13,가을와이번스#KR1,Bronze II,0,6
2020-10-15,가을와이번스#KR1,Bronze I,0,7
2020-10-16,가을와이번스#KR1,Bronze II,0,6
2020-10-23,가을와이번스#KR1,Bronze I,0,7
2020-10-28,가을와이번스#KR1,Silver IV,0,8
2020-11-02,가을와이번스#KR1,Silver III,0,9
2020-11-17,가을와이번스#KR1,Silver IV,0,8
2020-12-01,가을와이번스#KR1,Silver III,0,9
2020-12-14,가을와이번스#KR1,Silver II,0,10
2020-12-24,가을와이번스#KR1,Silver I,0,11
2020-12-26,가을와이번스#KR1,Silver II,0,10
2021-01-01,가을와이번스#KR1,Silver III,0,9
2021-02-05,가을와이번스#KR1,Bronze I,0,7
2021-02-06,가을와이번스#KR1,Silver IV,0,8
2022-02-23,가을와이번스#KR1,Bronze III,96,5
2022-03-20,가을와이번스#KR1,Bronze I,1,7
2022-05-01,가을와이번스#KR1,Bronze II,75,6
2022-05-15,가을와이번스#KR1,Bronze I,4,7
2022-05-29,가을와이번스#KR1,Silver IV,1,8
2022-06-11,가을와이번스#KR1,Silver III,7,9
2022-06-28,가을와이번스#KR1,Silver II,1,10
2022-07-01,가을와이번스#KR1,Silver III,75,9
2022-07-05,가을와이번스#KR1,Silver II,16,10
2022-09-06,가을와이번스#KR1,Silver I,12,11
2023-02-07,가을와이번스#KR1,Silver IV,45,8
2023-02-18,가을와이번스#KR1,Silver III,1,9
2023-10-08,가을와이번스#KR1,Silver IV,75,8
2024-05-20,가을와이번스#KR1,Silver II,68,10
2024-05-30,가을와이번스#KR1,Silver I,3,11
2024-07-03,가을와이번스#KR1,Gold IV,28,12
2024-09-26,가을와이번스#KR1,Gold IV,0,12
2024-09-28,가을와이번스#KR1,Silver III,2,9
2024-09-30,가을와이번스#KR1,Silver IV,91,8
2024-10-05,가을와이번스#KR1,Silver III,22,9
2024-10-23,가을와이번스#KR1,Silver IV,94,8
2024-11-07,가을와이번스#KR1,Silver III,4,9
2024-11-14,가을와이번스#KR1,Silver IV,83,8
2024-11-17,가을와이번스#KR1,Silver II,15,10
2024-12-02,가을와이번스#KR1,Silver I,1,11
2024-12-06,가을와이번스#KR1,Gold IV,15,12
2024-12-07,가을와이번스#KR1,Gold IV,81,12
2024-12-10,가을와이번스#KR1,Gold III,23,13
2025-01-04,가을와이번스#KR1,Gold IV,89,12
2025-01-17,가을와이번스#KR1,Silver IV,28,8
2025-01-24,가을와이번스#KR1,Silver III,18,9
2025-02-02,가을와이번스#KR1,Silver II,29,10
2025-02-07,가을와이번스#KR1,Silver I,2,11
2025-02-13,가을와이번스#KR1,Gold IV,9,12
2025-03-31,가을와이번스#KR1,Silver I,48,11
2025-04-15,가을와이번스#KR1,Silver I,14,11
2025-05-21,가을와이번스#KR1,Silver I,16,11
2025-05-22,가을와이번스#KR1,Gold IV,84,12
2025-05-23,가을와이번스#KR1,Gold III,10,13
2025-05-25,가을와이번스#KR1,Gold III,22,13
2025-05-30,가을와이번스#KR1,Gold IV,77,12
2025-06-02,가을와이번스#KR1,Gold III,6,13
2025-06-06,가을와이번스#KR1,Gold III,88,13
2025-06-10,가을와이번스#KR1,Gold IV,97,12
2025-06-11,가을와이번스#KR1,Gold III,23,13
2025-06-13,가을와이번스#KR1,Gold III,22,13
2025-06-15,가을와이번스#KR1,Gold II,12,14
2025-06-17,가을와이번스#KR1,Gold III,81,13
2025-06-18,가을와이번스#KR1,Gold II,5,14
2025-06-19,가을와이번스#KR1,Gold I,1,15
2025-06-23,가을와이번스#KR1,Gold II,78,14
2025-06-27,가을와이번스#KR1,Gold III,75,13
2025-06-28,가을와이번스#KR1,Gold IV,83,12
2025-06-29,가을와이번스#KR1,Gold III,31,13
2025-07-02,가을와이번스#KR1,Gold II,8,14
2025-07-04,가을와이번스#KR1,Gold III,79,13
2025-07-05,가을와이번스#KR1,Gold II,7,14
2025-07-06,가을와이번스#KR1,Gold III,81,13
2025-07-08,가을와이번스#KR1,Gold II,31,14
2025-07-09,가을와이번스#KR1,Gold I,5,15
2025-07-10,가을와이번스#KR1,Platinum IV,24,16
2025-07-13,가을와이번스#KR1,Gold I,49,15
2025-07-14,가을와이번스#KR1,Platinum IV,0,16
2025-07-17,가을와이번스#KR1,Gold I,17,15
2025-07-18,가을와이번스#KR1,Gold II,88,14
2025-07-27,가을와이번스#KR1,Gold II,89,14
2025-07-28,가을와이번스#KR1,Gold II,90,14
2025-08-10,가을와이번스#KR1,Gold II,65,14
2025-11-20,가을와이번스#KR1,Gold II,11,14
2025-12-03,가을와이번스#KR1,Gold II,7,14
2025-12-08,가을와이번스#KR1,Gold III,98,13
2025-12-09,가을와이번스#KR1,Gold II,23,14
2025-12-10,가을와이번스#KR1,Gold III,96,13
2025-12-16,가을와이번스#KR1,Gold III,83,13
2020-08-22,강철의주먹연우#KR1,Bronze IV,0,4
2020-10-31,강철의주먹연우#KR1,Bronze III,0,5
2020-11-01,강철의주먹연우#KR1,Bronze II,0,6
2020-12-06,강철의주먹연우#KR1,Bronze I,0,7
2020-12-16,강철의주먹연우#KR1,Silver IV,0,8
2020-12-21,강철의주먹연우#KR1,Silver III,0,9
2020-12-24,강철의주먹연우#KR1,Silver IV,0,8
2021-01-12,강철의주먹연우#KR1,Bronze II,0,6
2021-02-15,강철의주먹연우#KR1,Bronze I,0,7
2021-02-16,강철의주먹연우#KR1,Bronze II,0,6
2021-02-22,강철의주먹연우#KR1,Bronze I,0,7
2021-03-18,강철의주먹연우#KR1,Silver IV,0,8
2021-03-23,강철의주먹연우#KR1,Silver III,0,9
2021-03-24,강철의주먹연우#KR1,Silver IV,0,8
2021-03-29,강철의주먹연우#KR1,Silver III,0,9
2021-04-19,강철의주먹연우#KR1,Silver II,0,10
2021-04-21,강철의주먹연우#KR1,Silver III,0,9
2021-05-06,강철의주먹연우#KR1,Silver IV,75,8.75
2021-05-17,강철의주먹연우#KR1,Silver III,14,9.14
2021-05-24,강철의주먹연우#KR1,Silver III,3,9.03
2021-05-30,강철의주먹연우#KR1,Silver III,8,9.08
2021-06-06,강철의주먹연우#KR1,Silver II,2,10.02
2021-06-12,강철의주먹연우#KR1,Silver I,3,11.03
2021-06-13,강철의주먹연우#KR1,Silver II,75,10.75
2021-06-14,강철의주먹연우#KR1,Silver I,1,11.01
2021-06-19,강철의주먹연우#KR1,Silver II,75,10.75
2021-06-21,강철의주먹연우#KR1,Silver I,2,11.02
2021-07-05,강철의주먹연우#KR1,Gold IV,1,12.01
2021-08-03,강철의주먹연우#KR1,Silver I,75,11.75
2021-08-18,강철의주먹연우#KR1,Silver II,75,10.75
2021-08-19,강철의주먹연우#KR1,Silver I,4,11.04
2021-08-20,강철의주먹연우#KR1,Silver II,75,10.75
2021-08-24,강철의주먹연우#KR1,Silver III,75,9.75
2021-09-02,강철의주먹연우#KR1,Silver II,14,10.14
2021-09-03,강철의주먹연우#KR1,Silver III,75,9.75
2021-09-12,강철의주먹연우#KR1,Silver IV,75,8.75
2021-09-25,강철의주먹연우#KR1,Silver III,15,9.15
2021-10-24,강철의주먹연우#KR1,Silver II,2,10.02
2021-11-04,강철의주먹연우#KR1,Silver III,75,9.75
2021-11-05,강철의주먹연우#KR1,Silver II,3,10.03
2021-12-29,강철의주먹연우#KR1,Silver III,75,9.75
2022-01-24,강철의주먹연우#KR1,Bronze II,13,6.13
2022-02-08,강철의주먹연우#KR1,Bronze I,7,7.07
2022-02-10,강철의주먹연우#KR1,Bronze II,75,6.75
2022-05-14,강철의주먹연우#KR1,Bronze I,6,7.06
2022-08-08,강철의주먹연우#KR1,Silver IV,1,8.01
2022-11-08,강철의주먹연우#KR1,Bronze I,75,7.75
2022-11-12,강철의주먹연우#KR1,Silver IV,1,8.01
2022-12-11,강철의주먹연우#KR1,Silver III,6,9.06
2022-12-15,강철의주먹연우#KR1,Silver IV,75,8.75
2022-12-25,강철의주먹연우#KR1,Silver III,2,9.02
2023-01-03,강철의주먹연우#KR1,Silver II,6,10.06
2023-01-07,강철의주먹연우#KR1,Silver III,75,9.75
2023-01-09,강철의주먹연우#KR1,Silver IV,75,8.75
2023-01-12,강철의주먹연우#KR1,Bronze II,26,6.26
2023-01-16,강철의주먹연우#KR1,Bronze I,3,7.03
2023-01-18,강철의주먹연우#KR1,Bronze II,75,6.75
2023-01-19,강철의주먹연우#KR1,Bronze I,1,7.01
2023-01-22,강철의주먹연우#KR1,Bronze II,75,6.75
2023-01-23,강철의주먹연우#KR1,Bronze III,75,5.75
2023-01-24,강철의주먹연우#KR1,Bronze II,12,6.12
2023-01-25,강철의주먹연우#KR1,Bronze I,3,7.03
2023-01-27,강철의주먹연우#KR1,Silver IV,1,8.01
2023-02-20,강철의주먹연우#KR1,Silver III,2,9.02
2023-02-25,강철의주먹연우#KR1,Silver IV,75,8.75
2023-02-27,강철의주먹연우#KR1,Silver III,8,9.08
2023-03-01,강철의주먹연우#KR1,Silver IV,75,8.75
2023-03-05,강철의주먹연우#KR1,Silver III,1,9.01
2023-03-11,강철의주먹연우#KR1,Silver II,18,10.18
2023-03-18,강철의주먹연우#KR1,Silver I,1,11.01
2023-03-24,강철의주먹연우#KR1,Silver II,75,10.75
2023-03-25,강철의주먹연우#KR1,Silver I,24,11.24
2023-03-31,강철의주먹연우#KR1,Silver II,75,10.75
2023-04-06,강철의주먹연우#KR1,Silver I,20,11.2
2023-04-08,강철의주먹연우#KR1,Silver I,21,11.21
2023-04-09,강철의주먹연우#KR1,Silver II,75,10.75
2023-04-26,강철의주먹연우#KR1,Silver III,75,9.75
2023-04-27,강철의주먹연우#KR1,Silver II,24,10.24
2023-04-30,강철의주먹연우#KR1,Silver I,20,11.2
2023-05-02,강철의주먹연우#KR1,Gold IV,1,12.01
2023-05-27,강철의주먹연우#KR1,Gold IV,75,12.75
2023-07-01,강철의주먹연우#KR1,Silver I,75,11.75
2023-07-05,강철의주먹연우#KR1,Silver II,75,10.75
2023-07-07,강철의주먹연우#KR1,Silver I,16,11.16
2023-07-09,강철의주먹연우#KR1,Silver I,18,11.18
2023-07-11,강철의주먹연우#KR1,Silver II,75,10.75
2023-07-13,강철의주먹연우#KR1,Silver I,6,11.06
2023-07-16,강철의주먹연우#KR1,Gold IV,1,12.01
2023-07-20,강철의주먹연우#KR1,Gold III,30,13.3
2023-07-21,강철의주먹연우#KR1,Gold III,23,13.23
2023-07-22,강철의주먹연우#KR1,Gold IV,70,12.7
2023-08-02,강철의주먹연우#KR1,Silver I,75,11.75
2023-08-03,강철의주먹연우#KR1,Gold IV,1,12.01
2023-08-12,강철의주먹연우#KR1,Gold III,1,13.01
2023-08-13,강철의주먹연우#KR1,Gold II,5,14.05
2023-08-14,강철의주먹연우#KR1,Gold I,13,15.13
2023-08-15,강철의주먹연우#KR1,Platinum IV,1,16.01
2023-08-20,강철의주먹연우#KR1,Platinum III,1,17.01
2023-08-23,강철의주먹연우#KR1,Platinum IV,70,16.7
2023-09-02,강철의주먹연우#KR1,Platinum IV,75,16.75
2023-10-01,강철의주먹연우#KR1,Gold II,75,14.75
2023-10-02,강철의주먹연우#KR1,Gold I,4,15.04
2023-10-03,강철의주먹연우#KR1,Gold I,13,15.13
2023-10-20,강철의주먹연우#KR1,Gold II,75,14.75
2023-10-21,강철의주먹연우#KR1,Gold I,13,15.13
2023-10-22,강철의주먹연우#KR1,Gold II,75,14.75
2023-11-05,강철의주먹연우#KR1,Gold I,20,15.2
2023-11-14,강철의주먹연우#KR1,Gold II,75,14.75
2023-11-26,강철의주먹연우#KR1,Gold III,75,13.75
2023-12-02,강철의주먹연우#KR1,Gold IV,75,12.75
2023-12-16,강철의주먹연우#KR1,Silver I,75,11.75
2023-12-17,강철의주먹연우#KR1,Silver II,75,10.75
2024-01-01,강철의주먹연우#KR1,Silver III,75,9.75
2024-02-14,강철의주먹연우#KR1,Bronze II,31,6.31
2024-03-02,강철의주먹연우#KR1,Bronze I,13,7.13
2024-06-29,강철의주먹연우#KR1,Bronze III,92,5.92
2024-07-05,강철의주먹연우#KR1,Bronze III,89,5.89
2024-07-06,강철의주먹연우#KR1,Bronze I,25,7.25
2024-07-07,강철의주먹연우#KR1,Bronze I,26,7.26
2024-07-10,강철의주먹연우#KR1,Silver IV,23,8.23
2024-11-16,강철의주먹연우#KR1,Bronze I,16,7.16
2024-11-25,강철의주먹연우#KR1,Silver IV,27,8.27
2024-12-01,강철의주먹연우#KR1,Bronze I,75,7.75
2024-12-02,강철의주먹연우#KR1,Silver IV,18,8.18
2024-12-06,강철의주먹연우#KR1,Bronze I,75,7.75
2024-12-08,강철의주먹연우#KR1,Silver IV,15,8.15
2024-12-10,강철의주먹연우#KR1,Bronze I,75,7.75
2024-12-11,강철의주먹연우#KR1,Silver IV,14,8.14
2024-12-12,강철의주먹연우#KR1,Silver III,5,9.05
2024-12-13,강철의주먹연우#KR1,Silver III,14,9.14
2024-12-16,강철의주먹연우#KR1,Silver III,89,9.89
2024-12-20,강철의주먹연우#KR1,Silver IV,86,8.86
2025-01-30,강철의주먹연우#KR1,Bronze III,36,5.36
2025-02-02,강철의주먹연우#KR1,Bronze II,18,6.18
2025-02-12,강철의주먹연우#KR1,Bronze I,19,7.19
2025-02-15,강철의주먹연우#KR1,Silver IV,1,8.01
2025-02-16,강철의주먹연우#KR1,Silver III,32,9.32
2025-02-18,강철의주먹연우#KR1,Silver II,18,10.18
2025-02-20,강철의주먹연우#KR1,Silver I,22,11.22
2025-02-22,강철의주먹연우#KR1,Silver I,1,11.01
2025-03-30,강철의주먹연우#KR1,Gold IV,10,12.1
2025-04-17,강철의주먹연우#KR1,Gold IV,81,12.81
2025-05-06,강철의주먹연우#KR1,Gold III,1,13.01
2025-05-11,강철의주먹연우#KR1,Gold II,6,14.06
2025-05-18,강철의주먹연우#KR1,Gold I,11,15.11
2025-05-23,강철의주먹연우#KR1,Gold I,22,15.22
2025-05-27,강철의주먹연우#KR1,Gold I,21,15.21
2025-05-30,강철의주먹연우#KR1,Gold II,81,14.81
2025-05-31,강철의주먹연우#KR1,Gold I,10,15.1
2025-06-01,강철의주먹연우#KR1,Platinum IV,11,16.11
2025-06-21,강철의주먹연우#KR1,Platinum III,18,17.18
2025-07-05,강철의주먹연우#KR1,Platinum IV,90,16.9
2025-11-15,강철의주먹연우#KR1,Gold I,9,15.09
2025-11-16,강철의주먹연우#KR1,Gold III,99,13.99
2025-11-23,강철의주먹연우#KR1,Gold II,8,14.08
2025-11-25,강철의주먹연우#KR1,Gold II,3,14.03
2025-12-22,강철의주먹연우#KR1,Gold II,43,14.43
2021-07-18,그건정글탓입니다#KR1,Bronze II,83,6.83
2021-07-19,그건정글탓입니다#KR1,Bronze I,10,7.1
2021-11-24,그건정글탓입니다#KR1,Silver IV,0,8
2022-04-03,그건정글탓입니다#KR1,Bronze III,69,5.69
2022-05-06,그건정글탓입니다#KR1,Bronze I,1,7.01
2022-06-07,그건정글탓입니다#KR1,Bronze I,24,7.24
2022-06-10,그건정글탓입니다#KR1,Silver IV,1,8.01
2022-06-17,그건정글탓입니다#KR1,Silver II,1,10.01
2022-10-02,그건정글탓입니다#KR1,Silver I,20,11.2
2022-11-12,그건정글탓입니다#KR1,Gold IV,1,12.01
2023-03-04,그건정글탓입니다#KR1,Silver II,13,10.13
2025-07-07,그건정글탓입니다#KR1,Silver I,35,11.35
2025-07-13,그건정글탓입니다#KR1,Gold III,15,13.15
2020-05-22,날씨가너무덥네요#KR1,Bronze IV,0,4
2020-10-17,날씨가너무덥네요#KR1,Silver IV,0,8
2020-11-09,날씨가너무덥네요#KR1,Silver III,0,9
2020-11-18,날씨가너무덥네요#KR1,Silver IV,0,8
2020-11-21,날씨가너무덥네요#KR1,Silver III,0,9
2020-12-04,날씨가너무덥네요#KR1,Silver II,0,10
2021-02-04,날씨가너무덥네요#KR1,Silver III,0,9
2021-02-05,날씨가너무덥네요#KR1,Silver I,0,11
2021-03-26,날씨가너무덥네요#KR1,Gold IV,0,12
2022-04-29,날씨가너무덥네요#KR1,Silver IV,83,8.83
2022-04-30,날씨가너무덥네요#KR1,Silver II,1,10.01
2022-05-21,날씨가너무덥네요#KR1,Silver I,19,11.19
2022-06-02,날씨가너무덥네요#KR1,Gold IV,1,12.01
2022-06-28,날씨가너무덥네요#KR1,Gold III,3,13.03
2023-03-19,날씨가너무덥네요#KR1,Silver I,51,11.51
2023-04-25,날씨가너무덥네요#KR1,Gold IV,1,12.01
2023-08-01,날씨가너무덥네요#KR1,Gold III,75,13.75
2023-08-07,날씨가너무덥네요#KR1,Gold II,28,14.28
2023-08-14,날씨가너무덥네요#KR1,Gold I,24,15.24
2023-08-18,날씨가너무덥네요#KR1,Platinum IV,1,16.01
2023-09-07,날씨가너무덥네요#KR1,Platinum III,9,17.09
2023-09-10,날씨가너무덥네요#KR1,Platinum II,26,18.26
2023-09-19,날씨가너무덥네요#KR1,Platinum III,75,17.75
2023-09-20,날씨가너무덥네요#KR1,Platinum II,2,18.02
2023-09-23,날씨가너무덥네요#KR1,Platinum III,75,17.75
2023-10-02,날씨가너무덥네요#KR1,Platinum IV,75,16.75
2023-11-27,날씨가너무덥네요#KR1,Platinum III,8,17.08
2023-12-04,날씨가너무덥네요#KR1,Platinum II,21,18.21
2023-12-05,날씨가너무덥네요#KR1,Platinum I,18,19.18
2023-12-27,날씨가너무덥네요#KR1,Platinum I,6,19.06
2023-12-28,날씨가너무덥네요#KR1,Emerald IV,1,20.01
2024-10-12,날씨가너무덥네요#KR1,Gold II,31,14.31
2024-10-23,날씨가너무덥네요#KR1,Gold I,27,15.27
2024-11-28,날씨가너무덥네요#KR1,Gold I,23,15.23
2024-12-08,날씨가너무덥네요#KR1,Platinum IV,26,16.26
2025-03-31,날씨가너무덥네요#KR1,Gold II,97,14.97
2025-06-16,날씨가너무덥네요#KR1,Platinum IV,9,16.09
2025-06-18,날씨가너무덥네요#KR1,Platinum II,34,18.34
2025-07-07,날씨가너무덥네요#KR1,Emerald IV,5,20.05
2025-11-24,날씨가너무덥네요#KR1,Emerald IV,83,20.83
2020-10-24,닥터hong#KR1,Silver IV,0,8
2021-04-11,닥터hong#KR1,Bronze III,0,5
2021-05-02,닥터hong#KR1,Bronze I,1,7.01
2021-05-15,닥터hong#KR1,Bronze II,75,6.75
2021-06-05,닥터hong#KR1,Bronze I,1,7.01
2021-08-14,닥터hong#KR1,Silver IV,1,8.01
2021-12-20,닥터hong#KR1,Silver III,9,9.09
2022-01-02,닥터hong#KR1,Silver IV,75,8.75
2022-01-15,닥터hong#KR1,Bronze III,22,5.22
2022-01-22,닥터hong#KR1,Bronze IV,75,4.75
2022-01-30,닥터hong#KR1,Bronze II,1,6.01
2022-02-21,닥터hong#KR1,Bronze I,3,7.03
2022-05-08,닥터hong#KR1,Silver IV,1,8.01
2022-06-05,닥터hong#KR1,Silver III,11,9.11
2022-07-22,닥터hong#KR1,Silver II,3,10.03
2022-08-10,닥터hong#KR1,Silver III,75,9.75
2022-08-26,닥터hong#KR1,Silver II,11,10.11
2022-08-27,닥터hong#KR1,Silver III,75,9.75
2023-01-14,닥터hong#KR1,Bronze III,56,5.56
2023-01-16,닥터hong#KR1,Bronze I,1,7.01
2023-07-09,닥터hong#KR1,Silver IV,1,8.01
2023-08-02,닥터hong#KR1,Bronze II,0,6
2023-08-06,닥터hong#KR1,Bronze III,75,5.75
2023-08-09,닥터hong#KR1,Bronze II,11,6.11
2023-08-10,닥터hong#KR1,Bronze I,18,7.18
2023-08-13,닥터hong#KR1,Silver IV,1,8.01
2024-09-18,닥터hong#KR1,Silver III,31,9.31
2024-09-20,닥터hong#KR1,Silver IV,83,8.83
2024-09-21,닥터hong#KR1,Silver III,15,9.15
2024-10-02,닥터hong#KR1,Silver IV,40,8.4
2024-12-04,닥터hong#KR1,Bronze I,75,7.75
2024-12-07,닥터hong#KR1,Bronze I,6,7.06
2024-12-09,닥터hong#KR1,Bronze II,97,6.97
2024-12-11,닥터hong#KR1,Bronze II,92,6.92
2024-12-13,닥터hong#KR1,Bronze I,15,7.15
2024-12-24,닥터hong#KR1,Bronze II,78,6.78
2024-12-28,닥터hong#KR1,Bronze II,74,6.74
2025-01-02,닥터hong#KR1,Bronze I,18,7.18
2025-01-04,닥터hong#KR1,Bronze I,75,7.75
2025-01-05,닥터hong#KR1,Silver IV,20,8.2
2025-01-13,닥터hong#KR1,Bronze IV,35,4.35
2025-01-14,닥터hong#KR1,Bronze II,13,6.13
2025-01-15,닥터hong#KR1,Silver IV,24,8.24
2025-01-17,닥터hong#KR1,Silver III,36,9.36
2025-01-22,닥터hong#KR1,Silver III,93,9.93
2025-02-01,닥터hong#KR1,Silver II,10,10.1
2025-02-05,닥터hong#KR1,Silver I,9,11.09
2025-02-07,닥터hong#KR1,Silver I,14,11.14
2025-02-11,닥터hong#KR1,Gold IV,25,12.25
2025-06-30,닥터hong#KR1,Gold III,14,13.14
2025-07-04,닥터hong#KR1,Gold IV,93,12.93
2025-07-05,닥터hong#KR1,Gold III,18,13.18
2025-07-07,닥터hong#KR1,Gold II,17,14.17
2025-07-08,닥터hong#KR1,Gold I,16,15.16
2025-07-09,닥터hong#KR1,Gold II,93,14.93
2025-07-16,닥터hong#KR1,Gold I,16,15.16
2025-08-06,닥터hong#KR1,Platinum IV,11,16.11
2025-08-11,닥터hong#KR1,Gold I,75,15.75
2025-10-01,닥터hong#KR1,Platinum IV,21,16.21
2025-12-22,닥터hong#KR1,Platinum IV,45,16.45
2020-01-04,두유남진원#KR2,Bronze III,0,5
2020-02-01,두유남진원#KR2,Iron IV,0,0
2020-02-03,두유남진원#KR2,Iron II,0,2
2020-02-13,두유남진원#KR2,Iron I,0,3
2020-02-22,두유남진원#KR2,Iron II,0,2
2020-03-04,두유남진원#KR2,Iron III,0,1
2020-03-14,두유남진원#KR2,Iron IV,0,0
2020-03-18,두유남진원#KR2,Iron III,0,1
2020-03-22,두유남진원#KR2,Iron IV,0,0
2020-03-25,두유남진원#KR2,Iron III,0,1
2020-03-28,두유남진원#KR2,Iron IV,0,0
2020-04-12,두유남진원#KR2,Iron III,0,1
2020-05-05,두유남진원#KR2,Iron II,0,2
2020-05-30,두유남진원#KR2,Iron I,0,3
2020-06-07,두유남진원#KR2,Bronze IV,0,4
2020-06-20,두유남진원#KR2,Bronze III,0,5
2020-08-12,두유남진원#KR2,Bronze II,0,6
2020-08-28,두유남진원#KR2,Bronze I,0,7
2020-09-03,두유남진원#KR2,Bronze II,0,6
2020-09-10,두유남진원#KR2,Bronze I,0,7
2020-09-16,두유남진원#KR2,Bronze II,0,6
2020-11-04,두유남진원#KR2,Bronze III,0,5
2020-11-27,두유남진원#KR2,Bronze II,0,6
2020-12-03,두유남진원#KR2,Bronze III,0,5
2020-12-04,두유남진원#KR2,Bronze II,0,6
2020-12-05,두유남진원#KR2,Bronze III,0,5
2020-12-07,두유남진원#KR2,Bronze II,0,6
2021-01-01,두유남진원#KR2,Bronze I,0,7
2021-01-16,두유남진원#KR2,Bronze IV,0,4
2021-01-25,두유남진원#KR2,Bronze III,0,5
2021-01-27,두유남진원#KR2,Bronze IV,0,4
2021-01-28,두유남진원#KR2,Bronze III,0,5
2021-01-29,두유남진원#KR2,Bronze IV,0,4
2021-01-30,두유남진원#KR2,Bronze III,0,5
2021-02-10,두유남진원#KR2,Bronze IV,0,4
2021-02-11,두유남진원#KR2,Bronze III,0,5
2021-02-25,두유남진원#KR2,Bronze II,0,6
2021-03-19,두유남진원#KR2,Bronze III,0,5
2021-03-27,두유남진원#KR2,Bronze II,0,6
2021-04-03,두유남진원#KR2,Bronze III,0,5
2021-04-10,두유남진원#KR2,Bronze IV,0,4
2021-04-15,두유남진원#KR2,Bronze III,0,5
2021-05-04,두유남진원#KR2,Bronze II,1,6.01
2021-05-07,두유남진원#KR2,Bronze III,75,5.75
2021-05-08,두유남진원#KR2,Bronze II,9,6.09
2021-05-09,두유남진원#KR2,Bronze II,7,6.07
2021-05-18,두유남진원#KR2,Bronze III,75,5.75
2021-05-19,두유남진원#KR2,Bronze II,2,6.02
2021-05-30,두유남진원#KR2,Bronze I,2,7.02
2021-06-02,두유남진원#KR2,Bronze II,75,6.75
2021-06-12,두유남진원#KR2,Bronze II,6,6.06
2021-06-14,두유남진원#KR2,Bronze I,10,7.1
2021-06-15,두유남진원#KR2,Bronze II,75,6.75
2021-06-19,두유남진원#KR2,Bronze I,1,7.01
2021-07-04,두유남진원#KR2,Bronze II,75,6.75
2021-07-13,두유남진원#KR2,Bronze I,10,7.1
2021-07-15,두유남진원#KR2,Bronze II,75,6.75
2021-07-21,두유남진원#KR2,Bronze I,15,7.15
2021-07-22,두유남진원#KR2,Bronze I,4,7.04
2021-08-11,두유남진원#KR2,Bronze I,6,7.06
2021-08-24,두유남진원#KR2,Bronze II,75,6.75
2021-08-25,두유남진원#KR2,Bronze I,4,7.04
2021-08-28,두유남진원#KR2,Silver IV,1,8.01
2021-10-01,두유남진원#KR2,Silver III,2,9.02
2021-11-12,두유남진원#KR2,Silver IV,75,8.75
2021-11-17,두유남진원#KR2,Silver III,1,9.01
2021-12-09,두유남진원#KR2,Silver IV,75,8.75
2022-01-16,두유남진원#KR2,Bronze III,1,5.01
2022-01-23,두유남진원#KR2,Bronze II,18,6.18
2022-01-30,두유남진원#KR2,Bronze III,75,5.75
2022-01-31,두유남진원#KR2,Bronze II,10,6.1
2022-02-02,두유남진원#KR2,Bronze II,12,6.12
2022-02-05,두유남진원#KR2,Bronze III,75,5.75
2022-02-07,두유남진원#KR2,Bronze II,14,6.14
2022-02-20,두유남진원#KR2,Bronze I,4,7.04
2022-02-24,두유남진원#KR2,Bronze II,75,6.75
2022-03-04,두유남진원#KR2,Bronze I,6,7.06
2022-03-19,두유남진원#KR2,Bronze II,75,6.75
2022-05-27,두유남진원#KR2,Bronze I,8,7.08
2022-06-04,두유남진원#KR2,Bronze II,75,6.75
2022-06-19,두유남진원#KR2,Bronze I,3,7.03
2022-07-24,두유남진원#KR2,Bronze II,75,6.75
2022-11-05,두유남진원#KR2,Bronze III,75,5.75
2022-11-14,두유남진원#KR2,Bronze II,1,6.01
2022-11-16,두유남진원#KR2,Bronze I,1,7.01
2022-11-17,두유남진원#KR2,Bronze I,6,7.06
2022-12-16,두유남진원#KR2,Silver IV,1,8.01
2023-01-03,두유남진원#KR2,Silver II,1,10.01
2023-01-07,두유남진원#KR2,Silver III,75,9.75
2023-01-09,두유남진원#KR2,Silver II,9,10.09
2023-01-12,두유남진원#KR2,Bronze I,45,7.45
2023-01-16,두유남진원#KR2,Bronze I,4,7.04
2023-01-18,두유남진원#KR2,Bronze II,75,6.75
2023-01-20,두유남진원#KR2,Bronze I,1,7.01
2023-01-23,두유남진원#KR2,Bronze II,75,6.75
2023-01-29,두유남진원#KR2,Bronze I,2,7.02
2023-01-30,두유남진원#KR2,Bronze II,75,6.75
2023-02-08,두유남진원#KR2,Bronze I,10,7.1
2023-02-13,두유남진원#KR2,Bronze II,75,6.75
2023-02-22,두유남진원#KR2,Bronze III,75,5.75
2023-02-23,두유남진원#KR2,Bronze II,7,6.07
2023-02-27,두유남진원#KR2,Bronze II,4,6.04
2023-02-28,두유남진원#KR2,Bronze II,75,6.75
2023-04-26,두유남진원#KR2,Bronze II,3,6.03
2023-04-27,두유남진원#KR2,Bronze III,75,5.75
2023-07-08,두유남진원#KR2,Bronze IV,75,4.75
2023-07-27,두유남진원#KR2,Iron II,80,2.8
2023-07-28,두유남진원#KR2,Iron II,75,2.75
2023-08-01,두유남진원#KR2,Bronze IV,0,4
2023-08-02,두유남진원#KR2,Bronze III,5,5.05
2023-08-03,두유남진원#KR2,Bronze II,25,6.25
2023-08-04,두유남진원#KR2,Silver IV,1,8.01
2023-08-06,두유남진원#KR2,Silver III,1,9.01
2023-08-09,두유남진원#KR2,Silver II,28,10.28
2023-08-11,두유남진원#KR2,Silver I,21,11.21
2023-08-12,두유남진원#KR2,Silver II,75,10.75
2023-10-02,두유남진원#KR2,Silver III,75,9.75
2023-10-21,두유남진원#KR2,Silver IV,75,8.75
2024-02-14,두유남진원#KR2,Bronze II,31,6.31
2024-02-19,두유남진원#KR2,Bronze I,9,7.09
2024-02-20,두유남진원#KR2,Bronze I,6,7.06
2024-02-28,두유남진원#KR2,Bronze II,75,6.75
2024-02-29,두유남진원#KR2,Bronze I,2,7.02
2024-03-23,두유남진원#KR2,Silver IV,1,8.01
2024-04-10,두유남진원#KR2,Bronze I,50,7.5
2024-05-29,두유남진원#KR2,Bronze IV,9,4.09
2024-06-07,두유남진원#KR2,Bronze III,25,5.25
2024-06-14,두유남진원#KR2,Bronze I,7,7.07
2024-06-17,두유남진원#KR2,Bronze II,86,6.86
2024-06-18,두유남진원#KR2,Bronze III,100,6
2024-06-19,두유남진원#KR2,Bronze II,30,6.3
2024-06-21,두유남진원#KR2,Bronze II,77,6.77
2024-06-23,두유남진원#KR2,Bronze III,98,5.98
2024-06-24,두유남진원#KR2,Bronze II,21,6.21
2024-06-26,두유남진원#KR2,Bronze I,36,7.36
2024-06-27,두유남진원#KR2,Bronze II,88,6.88
2024-06-29,두유남진원#KR2,Bronze II,92,6.92
2024-07-03,두유남진원#KR2,Bronze I,22,7.22
2024-07-04,두유남진원#KR2,Silver IV,27,8.27
2024-07-06,두유남진원#KR2,Silver III,6,9.06
2024-07-07,두유남진원#KR2,Silver II,19,10.19
2024-07-12,두유남진원#KR2,Silver III,88,9.88
2024-07-21,두유남진원#KR2,Silver IV,90,8.9
2024-08-25,두유남진원#KR2,Silver III,4,9.04
2024-08-31,두유남진원#KR2,Silver IV,81,8.81
2024-09-01,두유남진원#KR2,Silver III,5,9.05
2024-09-02,두유남진원#KR2,Silver III,7,9.07
2024-09-05,두유남진원#KR2,Silver IV,86,8.86
2024-09-13,두유남진원#KR2,Silver III,10,9.1
2024-09-16,두유남진원#KR2,Silver IV,89,8.89
2024-09-17,두유남진원#KR2,Silver III,16,9.16
2024-09-18,두유남진원#KR2,Silver IV,98,8.98
2024-09-26,두유남진원#KR2,Bronze II,50,6.5
2024-09-28,두유남진원#KR2,Bronze II,94,6.94
2024-09-29,두유남진원#KR2,Bronze I,24,7.24
2024-10-03,두유남진원#KR2,Silver IV,13,8.13
2024-11-16,두유남진원#KR2,Silver III,9,9.09
2024-11-17,두유남진원#KR2,Silver II,83,10.83
2024-11-20,두유남진원#KR2,Silver III,78,9.78
2024-11-23,두유남진원#KR2,Silver III,74,9.74
2024-11-24,두유남진원#KR2,Silver IV,94,8.94
2024-11-26,두유남진원#KR2,Silver III,18,9.18
2024-11-27,두유남진원#KR2,Silver III,88,9.88
2024-11-28,두유남진원#KR2,Silver IV,81,8.81
2024-11-29,두유남진원#KR2,Silver III,88,9.88
2024-12-02,두유남진원#KR2,Silver II,26,10.26
2024-12-05,두유남진원#KR2,Silver II,10,10.1
2024-12-06,두유남진원#KR2,Silver III,86,9.86
2024-12-07,두유남진원#KR2,Silver II,10,10.1
2024-12-09,두유남진원#KR2,Silver II,13,10.13
2024-12-13,두유남진원#KR2,Silver II,20,10.2
2024-12-15,두유남진원#KR2,Silver II,77,10.77
2024-12-18,두유남진원#KR2,Silver I,2,11.02
2024-12-22,두유남진원#KR2,Silver II,75,10.75
2025-01-01,두유남진원#KR2,Silver III,94,9.94
2025-01-27,두유남진원#KR2,Bronze III,40,5.4
2025-01-30,두유남진원#KR2,Silver IV,3,8.03
2025-02-01,두유남진원#KR2,Silver III,26,9.26
2025-02-02,두유남진원#KR2,Gold IV,21,12.21
2025-02-12,두유남진원#KR2,Gold II,17,14.17
2025-02-13,두유남진원#KR2,Gold I,10,15.1
2025-02-15,두유남진원#KR2,Gold I,18,15.18
2025-02-16,두유남진원#KR2,Platinum IV,3,16.03
2025-03-01,두유남진원#KR2,Gold I,75,15.75
2025-03-09,두유남진원#KR2,Gold III,84,13.84
2025-03-18,두유남진원#KR2,Gold IV,94,12.94
2025-03-23,두유남진원#KR2,Gold IV,78,12.78
2025-03-25,두유남진원#KR2,Gold IV,21,12.21
2025-03-28,두유남진원#KR2,Silver I,75,11.75
2025-03-29,두유남진원#KR2,Silver I,18,11.18
2025-03-30,두유남진원#KR2,Silver II,95,10.95
2025-04-01,두유남진원#KR2,Gold IV,11,12.11
2025-05-15,두유남진원#KR2,Silver I,75,11.75
2025-05-17,두유남진원#KR2,Gold IV,81,12.81
2025-05-22,두유남진원#KR2,Gold III,9,13.09
2025-05-23,두유남진원#KR2,Gold II,1,14.01
2025-05-24,두유남진원#KR2,Gold I,19,15.19
2025-05-25,두유남진원#KR2,Gold II,95,14.95
2025-05-30,두유남진원#KR2,Gold IV,94,12.94
2025-05-31,두유남진원#KR2,Gold III,15,13.15
2025-06-01,두유남진원#KR2,Gold III,92,13.92
2025-06-02,두유남진원#KR2,Gold II,16,14.16
2025-06-05,두유남진원#KR2,Gold II,87,14.87
2025-06-12,두유남진원#KR2,Gold I,16,15.16
2025-06-13,두유남진원#KR2,Gold II,91,14.91
2025-06-14,두유남진원#KR2,Platinum III,3,17.03
2025-06-15,두유남진원#KR2,Platinum III,1,17.01
2025-06-16,두유남진원#KR2,Platinum IV,86,16.86
2025-06-18,두유남진원#KR2,Platinum IV,17,16.17
2025-06-21,두유남진원#KR2,Platinum III,16,17.16
2025-06-26,두유남진원#KR2,Platinum IV,74,16.74
2025-06-28,두유남진원#KR2,Platinum IV,20,16.2
2025-06-30,두유남진원#KR2,Platinum IV,84,16.84
2025-07-02,두유남진원#KR2,Platinum III,16,17.16
2025-07-04,두유남진원#KR2,Platinum III,37,17.37
2025-07-05,두유남진원#KR2,Platinum IV,81,16.81
2025-07-08,두유남진원#KR2,Gold I,75,15.75
2025-07-10,두유남진원#KR2,Platinum IV,9,16.09
2025-07-12,두유남진원#KR2,Platinum IV,22,16.22
2025-07-15,두유남진원#KR2,Platinum IV,19,16.19
2025-07-16,두유남진원#KR2,Gold II,81,14.81
2025-07-17,두유남진원#KR2,Gold II,69,14.69
2025-12-07,두유남진원#KR2,Gold III,49,13.49
2025-12-09,두유남진원#KR2,Gold IV,75,12.75
2025-12-22,두유남진원#KR2,Gold IV,1,12.01
2023-10-23,우리좋은말만써요#KR1,Silver III,36,9.36
2023-10-29,우리좋은말만써요#KR1,Silver II,7,10.07
2023-10-31,우리좋은말만써요#KR1,Silver III,75,9.75
2024-05-04,우리좋은말만써요#KR1,Bronze II,30,6.3
2024-07-12,우리좋은말만써요#KR1,Bronze II,23,6.23
2024-08-28,우리좋은말만써요#KR1,Bronze III,97,5.97
2024-09-03,우리좋은말만써요#KR1,Bronze II,6,6.06
2024-09-14,우리좋은말만써요#KR1,Bronze II,95,6.95
2025-04-26,우리좋은말만써요#KR1,Bronze II,11,6.11
2025-05-04,우리좋은말만써요#KR1,Bronze I,53,7.53
2025-05-05,우리좋은말만써요#KR1,Silver IV,5,8.05
2025-05-31,우리좋은말만써요#KR1,Silver IV,83,8.83
2025-06-03,우리좋은말만써요#KR1,Silver III,22,9.22
2025-06-06,우리좋은말만써요#KR1,Silver II,2,10.02
2025-06-16,우리좋은말만써요#KR1,Silver III,94,9.94
2025-06-19,우리좋은말만써요#KR1,Silver II,2,10.02
2025-06-22,우리좋은말만써요#KR1,Silver III,86,9.86
2025-06-24,우리좋은말만써요#KR1,Silver II,1,10.01
2025-06-25,우리좋은말만써요#KR1,Silver III,84,9.84
2025-06-26,우리좋은말만써요#KR1,Silver III,87,9.87
2025-06-28,우리좋은말만써요#KR1,Silver III,21,9.21
2025-06-29,우리좋은말만써요#KR1,Silver IV,97,8.97
2025-07-18,우리좋은말만써요#KR1,Silver III,3,9.03
2025-07-19,우리좋은말만써요#KR1,Silver IV,75,8.75
2025-07-25,우리좋은말만써요#KR1,Silver IV,89,8.89
2025-07-26,우리좋은말만써요#KR1,Silver III,12,9.12
2025-07-27,우리좋은말만써요#KR1,Silver IV,84,8.84
2025-07-29,우리좋은말만써요#KR1,Bronze I,47,7.47
2025-08-04,우리좋은말만써요#KR1,Silver IV,7,8.07
2025-08-05,우리좋은말만써요#KR1,Silver IV,92,8.92
2025-08-06,우리좋은말만써요#KR1,Silver IV,83,8.83
2025-08-08,우리좋은말만써요#KR1,Silver III,25,9.25
2025-08-16,우리좋은말만써요#KR1,Silver II,14,10.14
2025-08-20,우리좋은말만써요#KR1,Silver I,10,11.1
2025-08-21,우리좋은말만써요#KR1,Silver II,81,10.81
2025-08-25,우리좋은말만써요#KR1,Silver II,6,10.06
2025-08-30,우리좋은말만써요#KR1,Silver II,82,10.82
2025-08-31,우리좋은말만써요#KR1,Silver II,78,10.78
2025-09-07,우리좋은말만써요#KR1,Silver I,5,11.05
2025-09-13,우리좋은말만써요#KR1,Silver II,78,10.78
2025-09-18,우리좋은말만써요#KR1,Silver I,2,11.02
2025-09-19,우리좋은말만써요#KR1,Silver II,75,10.75
2025-09-20,우리좋은말만써요#KR1,Silver I,2,11.02
2025-09-21,우리좋은말만써요#KR1,Silver II,76,10.76
2025-09-22,우리좋은말만써요#KR1,Silver I,3,11.03
2025-09-23,우리좋은말만써요#KR1,Silver II,78,10.78
2025-09-27,우리좋은말만써요#KR1,Silver III,79,9.79
2025-10-14,우리좋은말만써요#KR1,Silver IV,77,8.77
2025-10-17,우리좋은말만써요#KR1,Silver IV,82,8.82
2025-10-21,우리좋은말만써요#KR1,Silver IV,77,8.77
2025-11-09,우리좋은말만써요#KR1,Silver III,12,9.12
2025-11-10,우리좋은말만써요#KR1,Silver IV,80,8.8
2025-11-15,우리좋은말만써요#KR1,Silver IV,65,8.65
2025-11-29,우리좋은말만써요#KR1,Silver III,19,9.19
2025-12-03,우리좋은말만써요#KR1,Silver IV,92,8.92
2025-12-04,우리좋은말만써요#KR1,Silver III,16,9.16
2025-12-06,우리좋은말만써요#KR1,Silver IV,60,8.6
2025-12-22,우리좋은말만써요#KR1,Silver IV,8,8.08
2022-05-14,춘봉박#알콜장전,Bronze I,29,7.29
2023-05-06,춘봉박#알콜장전,Bronze II,14,6.14
2023-07-07,춘봉박#알콜장전,Bronze I,17,7.17
2023-07-18,춘봉박#알콜장전,Bronze II,75,6.75
2023-09-23,춘봉박#알콜장전,Iron I,80,3.8
2023-11-01,춘봉박#알콜장전,Bronze IV,1,4.01
2023-11-11,춘봉박#알콜장전,Bronze IV,75,4.75
2024-02-06,춘봉박#알콜장전,Bronze III,19,5.19
2024-02-23,춘봉박#알콜장전,Bronze II,12,6.12
2024-03-15,춘봉박#알콜장전,Bronze III,75,5.75
2024-05-03,춘봉박#알콜장전,Bronze II,6,6.06
2024-07-12,춘봉박#알콜장전,Bronze II,5,6.05
2024-08-16,춘봉박#알콜장전,Bronze II,88,6.88
2024-09-13,춘봉박#알콜장전,Bronze I,19,7.19
2024-09-20,춘봉박#알콜장전,Silver III,1,9.01
2024-09-29,춘봉박#알콜장전,Silver IV,62,8.62
2024-12-27,춘봉박#알콜장전,Silver IV,97,8.97
2024-12-29,춘봉박#알콜장전,Silver III,25,9.25
2025-01-02,춘봉박#알콜장전,Silver III,16,9.16
2025-01-04,춘봉박#알콜장전,Silver IV,92,8.92
2025-01-06,춘봉박#알콜장전,Silver III,21,9.21
2025-01-07,춘봉박#알콜장전,Silver III,3,9.03
2025-01-12,춘봉박#알콜장전,Bronze II,40,6.4
2025-01-15,춘봉박#알콜장전,Bronze I,2,7.02
2025-01-16,춘봉박#알콜장전,Silver IV,14,8.14
2025-01-26,춘봉박#알콜장전,Silver III,26,9.26
2025-01-27,춘봉박#알콜장전,Silver II,7,10.07
2025-01-30,춘봉박#알콜장전,Silver II,92,10.92
2025-02-01,춘봉박#알콜장전,Silver I,24,11.24
2025-02-02,춘봉박#알콜장전,Gold IV,25,12.25
2025-02-22,춘봉박#알콜장전,Gold III,1,13.01
2025-02-23,춘봉박#알콜장전,Gold IV,79,12.79
2025-02-26,춘봉박#알콜장전,Silver I,75,11.75
2025-03-19,춘봉박#알콜장전,Silver II,82,10.82
2025-03-22,춘봉박#알콜장전,Silver I,5,11.05
2025-04-05,춘봉박#알콜장전,Silver II,79,10.79
2025-04-25,춘봉박#알콜장전,Silver III,94,9.94
2025-04-29,춘봉박#알콜장전,Silver III,84,9.84
2025-05-06,춘봉박#알콜장전,Silver III,9,9.09
2025-05-10,춘봉박#알콜장전,Silver II,15,10.15
2025-05-20,춘봉박#알콜장전,Silver II,18,10.18
2025-05-29,춘봉박#알콜장전,Silver III,94,9.94
2025-06-13,춘봉박#알콜장전,Silver IV,92,8.92
2025-06-24,춘봉박#알콜장전,Silver IV,88,8.88
2025-07-11,춘봉박#알콜장전,Bronze I,75,7.75
2025-09-11,춘봉박#알콜장전,Silver IV,0,8
2025-09-26,춘봉박#알콜장전,Silver III,22,9.22
2025-09-29,춘봉박#알콜장전,Silver II,2,10.02
2025-10-05,춘봉박#알콜장전,Silver I,23,11.23
2025-10-07,춘봉박#알콜장전,Silver II,78,10.78
2025-10-12,춘봉박#알콜장전,Silver I,13,11.13
2025-11-07,춘봉박#알콜장전,Silver I,20,11.2
2025-12-22,춘봉박#알콜장전,Silver I,63,11.63
2020-04-12,탬탬버린유튜브좋아요#KR2,Bronze IV,0,4
2020-06-19,탬탬버린유튜브좋아요#KR2,Bronze II,0,6
2020-08-09,탬탬버린유튜브좋아요#KR2,Bronze III,0,5
2020-11-01,탬탬버린유튜브좋아요#KR2,Bronze II,0,6
2020-12-16,탬탬버린유튜브좋아요#KR2,Bronze I,0,7
2020-12-23,탬탬버린유튜브좋아요#KR2,Silver IV,0,8
2020-12-27,탬탬버린유튜브좋아요#KR2,Silver III,0,9
2021-01-23,탬탬버린유튜브좋아요#KR2,Bronze II,0,6
2021-02-06,탬탬버린유튜브좋아요#KR2,Bronze I,0,7
2021-02-07,탬탬버린유튜브좋아요#KR2,Bronze II,0,6
2021-02-09,탬탬버린유튜브좋아요#KR2,Bronze I,0,7
2021-02-12,탬탬버린유튜브좋아요#KR2,Bronze II,0,6
2021-02-14,탬탬버린유튜브좋아요#KR2,Bronze I,0,7
2021-02-15,탬탬버린유튜브좋아요#KR2,Bronze II,0,6
2021-02-17,탬탬버린유튜브좋아요#KR2,Bronze I,0,7
2021-02-18,탬탬버린유튜브좋아요#KR2,Bronze II,0,6
2021-03-16,탬탬버린유튜브좋아요#KR2,Bronze I,0,7
2021-04-19,탬탬버린유튜브좋아요#KR2,Bronze II,0,6
2021-05-13,탬탬버린유튜브좋아요#KR2,Bronze I,3,7.03
2021-06-12,탬탬버린유튜브좋아요#KR2,Bronze II,75,6.75
2021-07-09,탬탬버린유튜브좋아요#KR2,Bronze III,75,5.75
2021-07-11,탬탬버린유튜브좋아요#KR2,Bronze II,5,6.05
2021-07-20,탬탬버린유튜브좋아요#KR2,Bronze I,14,7.14
2021-07-23,탬탬버린유튜브좋아요#KR2,Silver IV,1,8.01
2021-08-06,탬탬버린유튜브좋아요#KR2,Silver III,2,9.02
2021-08-07,탬탬버린유튜브좋아요#KR2,Silver III,3,9.03
2021-08-15,탬탬버린유튜브좋아요#KR2,Silver III,75,9.75
2021-08-20,탬탬버린유튜브좋아요#KR2,Silver IV,75,8.75
2021-08-27,탬탬버린유튜브좋아요#KR2,Silver III,4,9.04
2021-09-21,탬탬버린유튜브좋아요#KR2,Silver II,5,10.05
2021-09-23,탬탬버린유튜브좋아요#KR2,Silver III,75,9.75
2021-10-02,탬탬버린유튜브좋아요#KR2,Silver II,1,10.01
2021-10-03,탬탬버린유튜브좋아요#KR2,Silver II,4,10.04
2021-10-09,탬탬버린유튜브좋아요#KR2,Silver III,75,9.75
2021-11-25,탬탬버린유튜브좋아요#KR2,Silver II,13,10.13
2021-12-19,탬탬버린유튜브좋아요#KR2,Silver III,75,9.75
2022-01-12,탬탬버린유튜브좋아요#KR2,Bronze II,18,6.18
2022-01-24,탬탬버린유튜브좋아요#KR2,Bronze I,3,7.03
2022-02-11,탬탬버린유튜브좋아요#KR2,Bronze II,75,6.75
2022-03-18,탬탬버린유튜브좋아요#KR2,Bronze I,10,7.1
2022-07-08,탬탬버린유튜브좋아요#KR2,Bronze II,75,6.75
2023-03-18,탬탬버린유튜브좋아요#KR2,Bronze III,26,5.26
2023-03-20,탬탬버린유튜브좋아요#KR2,Bronze II,22,6.22
2023-07-29,탬탬버린유튜브좋아요#KR2,Iron I,56,3.56
2023-08-01,탬탬버린유튜브좋아요#KR2,Bronze IV,1,4.01
2023-09-09,탬탬버린유튜브좋아요#KR2,Bronze III,28,5.28
2023-09-16,탬탬버린유튜브좋아요#KR2,Bronze II,17,6.17
2023-10-30,탬탬버린유튜브좋아요#KR2,Bronze III,75,5.75
2023-11-05,탬탬버린유튜브좋아요#KR2,Bronze II,13,6.13
2023-11-10,탬탬버린유튜브좋아요#KR2,Bronze III,75,5.75
2023-11-11,탬탬버린유튜브좋아요#KR2,Bronze II,2,6.02
2023-11-12,탬탬버린유튜브좋아요#KR2,Bronze II,3,6.03
2023-11-14,탬탬버린유튜브좋아요#KR2,Bronze I,6,7.06
2023-11-23,탬탬버린유튜브좋아요#KR2,Silver IV,1,8.01
2023-11-25,탬탬버린유튜브좋아요#KR2,Silver III,18,9.18
2023-12-02,탬탬버린유튜브좋아요#KR2,Silver IV,75,8.75
2024-09-09,탬탬버린유튜브좋아요#KR2,Bronze II,68,6.68
2024-09-12,탬탬버린유튜브좋아요#KR2,Bronze I,23,7.23
2024-09-14,탬탬버린유튜브좋아요#KR2,Silver IV,19,8.19
2024-09-16,탬탬버린유튜브좋아요#KR2,Silver III,19,9.19
2024-09-21,탬탬버린유튜브좋아요#KR2,Silver II,20,10.2
2024-09-23,탬탬버린유튜브좋아요#KR2,Silver I,14,11.14
2024-10-01,탬탬버린유튜브좋아요#KR2,Silver I,39,11.39
2024-10-03,탬탬버린유튜브좋아요#KR2,Silver II,84,10.84
2024-11-02,탬탬버린유튜브좋아요#KR2,Silver I,25,11.25
2024-11-09,탬탬버린유튜브좋아요#KR2,Gold IV,1,12.01
2025-08-29,탬탬버린유튜브좋아요#KR2,Bronze II,26,6.26
2025-08-30,탬탬버린유튜브좋아요#KR2,Bronze I,2,7.02
2025-08-31,탬탬버린유튜브좋아요#KR2,Silver IV,4,8.04
2025-09-03,탬탬버린유튜브좋아요#KR2,Silver III,18,9.18
2025-09-11,탬탬버린유튜브좋아요#KR2,Silver III,26,9.26
2025-09-13,탬탬버린유튜브좋아요#KR2,Silver II,40,10.4
2025-09-14,탬탬버린유튜브좋아요#KR2,Silver II,92,10.92
2025-09-15,탬탬버린유튜브좋아요#KR2,Silver I,30,11.3
2025-09-17,탬탬버린유튜브좋아요#KR2,Gold IV,10,12.1
2025-09-19,탬탬버린유튜브좋아요#KR2,Gold III,80,13.8
2025-09-26,탬탬버린유튜브좋아요#KR2,Gold III,99,13.99
2025-09-27,탬탬버린유튜브좋아요#KR2,Gold II,2,14.02
2025-11-19,탬탬버린유튜브좋아요#KR2,Gold III,84,13.84
2025-11-22,탬탬버린유튜브좋아요#KR2,Gold III,96,13.96
2025-12-22,탬탬버린유튜브좋아요#KR2,Gold III,71,13.71
